Estimate,Std. Error,z value,Pr(>|z|),term,model,group_id,AIC
0.3250496519422557,0.08472363292249026,3.8365877468879153,1.2475563386173756e-4,(Intercept),Drug: PLACEBO,PLACEBO,1799.045420891543
-0.2616411443392953,0.08575410759482481,-3.0510625284040054,0.00228033080685918,listenBPM_scaled,Drug: PLACEBO,PLACEBO,1799.045420891543
3.75958576121939,0.23863278788704606,15.754690688183823,6.377060951049646e-56,responseBPM_scaled,Drug: PLACEBO,PLACEBO,1799.045420891543
-0.02430634290917998,0.10938277456138548,-0.22221362556075308,0.8241475876039511,listenBPM_scaled:responseBPM_scaled,Drug: PLACEBO,PLACEBO,1799.045420891543
0.38778193823977936,0.08516344356739072,4.553384903147129,5.278955895839928e-6,(Intercept),Drug: BISO,BISO,1861.552812491448
-0.11800219041526354,0.06868250351071509,-1.7180822536099625,0.08578161327961138,listenBPM_scaled,Drug: BISO,BISO,1861.552812491448
3.5005144921007405,0.24530855466592252,14.269842716524801,3.373385748875955e-46,responseBPM_scaled,Drug: BISO,BISO,1861.552812491448
-0.13501087647080828,0.09493360586993706,-1.4221610485940956,0.1549795035589159,listenBPM_scaled:responseBPM_scaled,Drug: BISO,BISO,1861.552812491448
0.4662472472390374,0.06962063502418897,6.696969182729296,2.1278647203930993e-11,(Intercept),Drug: PROP,PROP,2018.1510328655622
-0.052650112807619186,0.0834118997931804,-0.6312062540017074,0.5279056732979381,listenBPM_scaled,Drug: PROP,PROP,2018.1510328655622
3.3286827105267873,0.19934683587238752,16.6979460494555,1.3565471820663693e-62,responseBPM_scaled,Drug: PROP,PROP,2018.1510328655622
-0.18410585487951742,0.10661381523746681,-1.726848011858954,0.08419496323866561,listenBPM_scaled:responseBPM_scaled,Drug: PROP,PROP,2018.1510328655622
