"Predictor","B","SE","CI_95","z","p"
"Intercept","0.28","0.08","[0.12, 0.43]","3.57","< .001"
"Drug: Bisoprolol (vs Placebo)","0.05","0.08","[-0.11, 0.21]","0.61","0.54"
"Drug: Propranolol (vs Placebo)","0.19","0.08","[0.04, 0.35]","2.43","0.02"
"Listen BPM (Scaled)","-0.28","0.06","[-0.40, -0.17]","-4.72","< .001"
"Response BPM (Scaled)","2.79","0.06","[2.68, 2.90]","50.24","< .001"
"Trial Number (Scaled)","0.25","0.03","[0.18, 0.31]","7.37","< .001"
"Mean Listen BPM (Scaled)","0.03","0.05","[-0.08, 0.13]","0.51","0.61"
"Bisoprolol × Listen BPM","0.08","0.09","[-0.09, 0.25]","0.92","0.36"
"Propranolol × Listen BPM","0.14","0.09","[-0.03, 0.31]","1.58","0.12"
